Dimer Name,One-Code Abbreviation,SASA AA1,SASA AA2
GLUMET,EM,0.0012583741625837,0.3981109389061094
ILEARG,IR,0.5428067621809248,0.0076405859414058
GLYILE,GI,0.0011323201013232,0.5428067621809248
TRPTYR,WY,0.2834628537146285,0.1009346315368463
PROPRO,PP,0.0431165883411658,0.0431165883411658
METGLN,MQ,0.3981109389061094,0.019902509749025
CYSSER,CS,0.0364507715895077,0.0044236976302369
ILEASN,IN,0.5428067621809248,0.0081516848315168
GLNARG,QR,0.019902509749025,0.0076405859414058
LYSTYR,KY,0.0041118638136186,0.1009346315368463
CYSVAL,CV,0.0364507715895077,0.2960956104389561
GLYARG,GR,0.0011323201013232,0.0076405859414058
LYSGLN,KQ,0.0041118638136186,0.019902509749025
CYSCYS,CC,0.0364507715895077,0.0364507715895077
CYSTRP,CW,0.0364507715895077,0.2834628537146285
LYSVAL,KV,0.0041118638136186,0.2960956104389561
CYSGLU,CE,0.0364507715895077,0.0012583741625837
GLUGLY,EG,0.0012583741625837,0.0011323201013232
SERTHR,ST,0.0044236976302369,0.0416980444812661
GLNTYR,QY,0.019902509749025,0.1009346315368463
ARGVAL,RV,0.0076405859414058,0.2960956104389561
PHETRP,FW,0.6040606939306068,0.2834628537146285
HISTHR,HT,0.0077959537379595,0.0416980444812661
GLYGLN,GQ,0.0011323201013232,0.019902509749025
ASNVAL,NV,0.0081516848315168,0.2960956104389561
ASPTRP,DW,0.0001056494350564,0.2834628537146285
PHEGLN,FQ,0.6040606939306068,0.019902509749025
ARGARG,RR,0.0076405859414058,0.0076405859414058
ALAPHE,AF,0.0186406692664066,0.6040606939306068
ASPTYR,DY,0.0001056494350564,0.1009346315368463
METTHR,MT,0.3981109389061094,0.0416980444812661
ASPMET,DM,0.0001056494350564,0.3981109389061094
METARG,MR,0.3981109389061094,0.0076405859414058
ILELYS,IK,0.5428067621809248,0.0041118638136186
HISSER,HS,0.0077959537379595,0.0044236976302369
PROGLN,PQ,0.0431165883411658,0.019902509749025
LEUTYR,LY,0.5788013912894424,0.1009346315368463
METASN,MN,0.3981109389061094,0.0081516848315168
ALAARG,AR,0.0186406692664066,0.0076405859414058
GLYPRO,GP,0.0011323201013232,0.0431165883411658
ALASER,AS,0.0186406692664066,0.0044236976302369
ALAMET,AM,0.0186406692664066,0.3981109389061094
ASNGLN,NQ,0.0081516848315168,0.019902509749025
PHEILE,FI,0.6040606939306068,0.5428067621809248
ILEVAL,IV,0.5428067621809248,0.2960956104389561
CYSLYS,CK,0.0364507715895077,0.0041118638136186
THRTHR,TT,0.0416980444812661,0.0416980444812661
GLYVAL,GV,0.0011323201013232,0.2960956104389561
ASPVAL,DV,0.0001056494350564,0.2960956104389561
THRTRP,TW,0.0416980444812661,0.2834628537146285
GLYSER,GS,0.0011323201013232,0.0044236976302369
METTYR,MY,0.3981109389061094,0.1009346315368463
LEUTRP,LW,0.5788013912894424,0.2834628537146285
ASNSER,NS,0.0081516848315168,0.0044236976302369
GLYLYS,GK,0.0011323201013232,0.0041118638136186
GLUTRP,EW,0.0012583741625837,0.2834628537146285
ASNARG,NR,0.0081516848315168,0.0076405859414058
TRPTRP,WW,0.2834628537146285,0.2834628537146285
PHEGLY,FG,0.6040606939306068,0.0011323201013232
HISTYR,HY,0.0077959537379595,0.1009346315368463
LEUMET,LM,0.5788013912894424,0.3981109389061094
ARGTRP,RW,0.0076405859414058,0.2834628537146285
LEUSER,LS,0.5788013912894424,0.0044236976302369
METMET,MM,0.3981109389061094,0.3981109389061094
CYSILE,CI,0.0364507715895077,0.5428067621809248
LYSARG,KR,0.0041118638136186,0.0076405859414058
ALAHIS,AH,0.0186406692664066,0.0077959537379595
THRVAL,TV,0.0416980444812661,0.2960956104389561
ASPTHR,DT,0.0001056494350564,0.0416980444812661
ARGTYR,RY,0.0076405859414058,0.1009346315368463
ASPLYS,DK,0.0001056494350564,0.0041118638136186
PHELEU,FL,0.6040606939306068,0.5788013912894424
ILETHR,IT,0.5428067621809248,0.0416980444812661
LYSTRP,KW,0.0041118638136186,0.2834628537146285
ASPGLU,DE,0.0001056494350564,0.0012583741625837
GLYTYR,GY,0.0011323201013232,0.1009346315368463
ALALEU,AL,0.0186406692664066,0.5788013912894424
ILEMET,IM,0.5428067621809248,0.3981109389061094
HISPRO,HP,0.0077959537379595,0.0431165883411658
PHEVAL,FV,0.6040606939306068,0.2960956104389561
ALAALA,AA,0.0186406692664066,0.0186406692664066
ALAASP,AD,0.0186406692664066,0.0001056494350564
SERVAL,SV,0.0044236976302369,0.2960956104389561
LYSMET,KM,0.0041118638136186,0.3981109389061094
HISTRP,HW,0.0077959537379595,0.2834628537146285
METTRP,MW,0.3981109389061094,0.2834628537146285
GLNGLN,QQ,0.019902509749025,0.019902509749025
CYSASN,CN,0.0364507715895077,0.0081516848315168
LEUPRO,LP,0.5788013912894424,0.0431165883411658
CYSLEU,CL,0.0364507715895077,0.5788013912894424
ILESER,IS,0.5428067621809248,0.0044236976302369
GLULEU,EL,0.0012583741625837,0.5788013912894424
HISVAL,HV,0.0077959537379595,0.2960956104389561
GLUTHR,ET,0.0012583741625837,0.0416980444812661
CYSTHR,CT,0.0364507715895077,0.0416980444812661
CYSTYR,CY,0.0364507715895077,0.1009346315368463
ALAGLY,AG,0.0186406692664066,0.0011323201013232
THRTYR,TY,0.0416980444812661,0.1009346315368463
GLUTYR,EY,0.0012583741625837,0.1009346315368463
ASPPHE,DF,0.0001056494350564,0.6040606939306068
ALAVAL,AV,0.0186406692664066,0.2960956104389561
ASPILE,DI,0.0001056494350564,0.5428067621809248
ASNTHR,NT,0.0081516848315168,0.0416980444812661
ASPGLY,DG,0.0001056494350564,0.0011323201013232
SERTYR,SY,0.0044236976302369,0.1009346315368463
HISLEU,HL,0.0077959537379595,0.5788013912894424
LYSSER,KS,0.0041118638136186,0.0044236976302369
METVAL,MV,0.3981109389061094,0.2960956104389561
GLUASN,EN,0.0012583741625837,0.0081516848315168
METPRO,MP,0.3981109389061094,0.0431165883411658
ALALYS,AK,0.0186406692664066,0.0041118638136186
ILEPRO,IP,0.5428067621809248,0.0431165883411658
CYSHIS,CH,0.0364507715895077,0.0077959537379595
PHELYS,FK,0.6040606939306068,0.0041118638136186
GLYHIS,GH,0.0011323201013232,0.0077959537379595
LEUTHR,LT,0.5788013912894424,0.0416980444812661
GLNTRP,QW,0.019902509749025,0.2834628537146285
PHEMET,FM,0.6040606939306068,0.3981109389061094
GLNTHR,QT,0.019902509749025,0.0416980444812661
HISGLN,HQ,0.0077959537379595,0.019902509749025
VALTRP,VW,0.2960956104389561,0.2834628537146285
PROTYR,PY,0.0431165883411658,0.1009346315368463
PHETYR,FY,0.6040606939306068,0.1009346315368463
ASPASN,DN,0.0001056494350564,0.0081516848315168
ALAASN,AN,0.0186406692664066,0.0081516848315168
ILELEU,IL,0.5428067621809248,0.5788013912894424
HISARG,HR,0.0077959537379595,0.0076405859414058
ALATYR,AY,0.0186406692664066,0.1009346315368463
ASPARG,DR,0.0001056494350564,0.0076405859414058
ASPGLN,DQ,0.0001056494350564,0.019902509749025
LEUASN,LN,0.5788013912894424,0.0081516848315168
ALAGLN,AQ,0.0186406692664066,0.019902509749025
LYSLYS,KK,0.0041118638136186,0.0041118638136186
ASPASP,DD,0.0001056494350564,0.0001056494350564
PROARG,PR,0.0431165883411658,0.0076405859414058
CYSMET,CM,0.0364507715895077,0.3981109389061094
GLYASN,GN,0.0011323201013232,0.0081516848315168
PHEPHE,FF,0.6040606939306068,0.6040606939306068
ALAGLU,AE,0.0186406692664066,0.0012583741625837
ASNASN,NN,0.0081516848315168,0.0081516848315168
ASPLEU,DL,0.0001056494350564,0.5788013912894424
ARGTHR,RT,0.0076405859414058,0.0416980444812661
ASNTRP,NW,0.0081516848315168,0.2834628537146285
PROVAL,PV,0.0431165883411658,0.2960956104389561
METSER,MS,0.3981109389061094,0.0044236976302369
LEUARG,LR,0.5788013912894424,0.0076405859414058
GLUPHE,EF,0.0012583741625837,0.6040606939306068
ILEILE,II,0.5428067621809248,0.5428067621809248
CYSPRO,CP,0.0364507715895077,0.0431165883411658
LYSTHR,KT,0.0041118638136186,0.0416980444812661
ASPPRO,DP,0.0001056494350564,0.0431165883411658
HISLYS,HK,0.0077959537379595,0.0041118638136186
CYSASP,CD,0.0364507715895077,0.0001056494350564
LYSPRO,KP,0.0041118638136186,0.0431165883411658
ALATRP,AW,0.0186406692664066,0.2834628537146285
SERSER,SS,0.0044236976302369,0.0044236976302369
LEULEU,LL,0.5788013912894424,0.5788013912894424
GLNVAL,QV,0.019902509749025,0.2960956104389561
ASNPRO,NP,0.0081516848315168,0.0431165883411658
GLUGLU,EE,0.0012583741625837,0.0012583741625837
PHEHIS,FH,0.6040606939306068,0.0077959537379595
GLUHIS,EH,0.0012583741625837,0.0077959537379595
PHEARG,FR,0.6040606939306068,0.0076405859414058
GLUVAL,EV,0.0012583741625837,0.2960956104389561
HISILE,HI,0.0077959537379595,0.5428067621809248
GLULYS,EK,0.0012583741625837,0.0041118638136186
PHESER,FS,0.6040606939306068,0.0044236976302369
GLUSER,ES,0.0012583741625837,0.0044236976302369
GLNSER,QS,0.019902509749025,0.0044236976302369
PROTHR,PT,0.0431165883411658,0.0416980444812661
ARGSER,RS,0.0076405859414058,0.0044236976302369
ASPSER,DS,0.0001056494350564,0.0044236976302369
ALAILE,AI,0.0186406692664066,0.5428067621809248
ILEGLN,IQ,0.5428067621809248,0.019902509749025
GLUGLN,EQ,0.0012583741625837,0.019902509749025
ILETRP,IW,0.5428067621809248,0.2834628537146285
LYSLEU,KL,0.0041118638136186,0.5788013912894424
HISMET,HM,0.0077959537379595,0.3981109389061094
HISASN,HN,0.0077959537379595,0.0081516848315168
VALTYR,VY,0.2960956104389561,0.1009346315368463
PHETHR,FT,0.6040606939306068,0.0416980444812661
PROTRP,PW,0.0431165883411658,0.2834628537146285
TYRTYR,YY,0.1009346315368463,0.1009346315368463
CYSGLY,CG,0.0364507715895077,0.0011323201013232
GLYLEU,GL,0.0011323201013232,0.5788013912894424
ASPHIS,DH,0.0001056494350564,0.0077959537379595
PHEPRO,FP,0.6040606939306068,0.0431165883411658
ASNTYR,NY,0.0081516848315168,0.1009346315368463
GLYTRP,GW,0.0011323201013232,0.2834628537146285
CYSARG,CR,0.0364507715895077,0.0076405859414058
GLYGLY,GG,0.0011323201013232,0.0011323201013232
GLUPRO,EP,0.0012583741625837,0.0431165883411658
ALAPRO,AP,0.0186406692664066,0.0431165883411658
ALATHR,AT,0.0186406692664066,0.0416980444812661
GLYMET,GM,0.0011323201013232,0.3981109389061094
ALACYS,AC,0.0186406692664066,0.0364507715895077
GLYTHR,GT,0.0011323201013232,0.0416980444812661
PHEASN,FN,0.6040606939306068,0.0081516848315168
PROSER,PS,0.0431165883411658,0.0044236976302369
SERTRP,SW,0.0044236976302369,0.2834628537146285
GLUILE,EI,0.0012583741625837,0.5428067621809248
GLUARG,ER,0.0012583741625837,0.0076405859414058
LYSASN,KN,0.0041118638136186,0.0081516848315168
CYSPHE,CF,0.0364507715895077,0.6040606939306068
VALVAL,VV,0.2960956104389561,0.2960956104389561
CYSGLN,CQ,0.0364507715895077,0.019902509749025
LEUGLN,LQ,0.5788013912894424,0.019902509749025
HISHIS,HH,0.0077959537379595,0.0077959537379595
ILETYR,IY,0.5428067621809248,0.1009346315368463
LEUVAL,LV,0.5788013912894424,0.2960956104389561
